component,description
Workbook,A file in Excel that contains one or more worksheets.
Worksheet,"A single sheet within a workbook, made up of rows and columns for organizing data."
Cell,"The intersection of a row and a column where data, formulas, or functions can be entered."
Row,"A horizontal line of cells, identified by numbers (1, 2, 3...)."
Column,"A vertical line of cells, identified by letters (A, B, C...)."
Cell Address,"The unique reference of a cell based on its column letter and row number (e.g., A1)."
Formula Bar,The toolbar that displays and allows editing of data or formulas in the selected cell.
Ribbon,"The top panel that contains tabs, groups, and commands for various Excel features."
Tabs,"Categories on the ribbon (e.g., Home, Insert, Formulas) that group related commands."
Name Box,Displays the address of the active cell and can be used to name or navigate to cells.
Status Bar,"The bar at the bottom of Excel showing information such as sum, average, and worksheet view options."
Quick Access Toolbar,A customizable toolbar that provides easy access to commonly used commands.
Worksheet Tabs,Navigation buttons at the bottom of the workbook to switch between worksheets.
Scroll Bars,Horizontal and vertical sliders to navigate through the worksheet.
Active Cell,"The currently selected cell, outlined with a bold border, where input will be placed."
Range,"A selection of two or more cells, which can be contiguous or non-contiguous."
Formula,"An expression used to perform calculations on cell values (e.g., =A1+B1)."
Function,"A predefined formula that performs specific calculations (e.g., SUM, AVERAGE)."
Chart,"A visual representation of data such as bar, line, or pie charts."
PivotTable,"A tool that allows summarizing, analyzing, and organizing large data sets."
Gridlines,The faint lines that separate cells in a worksheet for easier data alignment.
Headings,Row numbers and column letters used to identify rows and columns in the worksheet.
Data Validation,A feature to control what kind of data can be entered into a cell.
Conditional Formatting,A feature that applies formatting based on cell values or rules.
Comments/Notes,Annotations added to cells to provide explanations or context.
Macros,A way to record and automate repetitive tasks using VBA.
Filter,A tool to display only the rows that meet specific criteria.
Sort,A feature to arrange data in ascending or descending order.
Sparklines,Tiny charts within a single cell to show trends in data.
Power Query,"A tool to connect, clean, and transform data from different sources."
Power Pivot,An advanced data modeling tool for large datasets and complex calculations.
